{"order": {"id": "10000000001", "type": "created", "created_on": "2019-07-17 04:03:25.429840", "parent_order_id": null}, "customer": {"type": "Guest", "email": "cherished1888@protonmail.com", "phone": "529-950-3707"}, "user_client": {"type": "App", "session_id": "2R11F11G53X3TE52Q1Y", "ip_address": "93.69.144.250", "mac_address": "00:16:3e:38:ae:86", "user_agent": "iOS"}, "shipment": {"carrier": "DHL eCommerce", "charges": 10, "mailing_street": "847 Monument Mall", "city_id": "CITY31720"}, "order_items": [{"id": 1, "sku_id": "SKU1367", "pricing": {"listprice": 319, "saleprice": 290, "actualprice": 290}, "quantity": 3, "promotion": {}, "tax": {"percent": 7, "amount": 20}}, {"id": 2, "sku_id": "SKU3099", "pricing": {"listprice": 345, "saleprice": 314, "actualprice": 267}, "quantity": 1, "promotion": {"percent": 15, "type": "15% OFF", "amount": 47}, "tax": {"percent": 7, "amount": 19}}], "payments": {"amount": 1186, "credit_card_number": "2473 0520 6029 0223"}}
{"order": {"id": "21000000001", "type": "accepted", "parent_order_id": "10000000001", "created_on": "2019-07-17 04:04:25.429840"}}
{"order": {"id": "41000000001", "type": "shipped", "parent_order_id": "10000000001", "created_on": "2019-07-20 04:04:25.429840"}}
{"order": {"id": "71000000001", "type": "delivered", "parent_order_id": "10000000001", "created_on": "2019-07-20 04:04:25.429840"}}
{"order": {"id": "21000000002", "type": "accepted", "parent_order_id": "10000000001", "created_on": "2019-07-17 04:06:25.429840"}}
{"order": {"id": "41000000002", "type": "shipped", "parent_order_id": "10000000001", "created_on": "2019-07-19 04:06:25.429840"}}
{"order": {"id": "71000000002", "type": "delivered", "parent_order_id": "10000000001", "created_on": "2019-07-19 04:06:25.429840"}}
{"order": {"id": "10000000002", "type": "created", "created_on": "2020-12-22 09:53:20.085489", "parent_order_id": null}, "customer": {"type": "Guest", "email": "ermey1865@protonmail.com", "phone": "+1-(040)-525-5558"}, "user_client": {"type": "Web", "session_id": "9S65L27F84Y9UY59O2A", "ip_address": "146.192.124.139", "mac_address": "00:16:3e:5e:d3:f4", "user_agent": "Mozilla/4.0 (compatible; MSIE 6.0; Windows NT 5.0; pl) Opera 8.54"}, "shipment": {"carrier": "DHL eCommerce", "charges": 6, "mailing_street": "90 Ashburton Route", "city_id": "CITY40251"}, "order_items": [{"id": 1, "sku_id": "SKU1081", "pricing": {"listprice": 315, "saleprice": 286, "actualprice": 241}, "quantity": 3, "promotion": {"percent": 5, "type": "$35 OFF", "amount": 45}, "tax": {"percent": 7, "amount": 17}}, {"id": 2, "sku_id": "SKU266", "pricing": {"listprice": 302, "saleprice": 260, "actualprice": 260}, "quantity": 2, "promotion": {}, "tax": {"percent": 7, "amount": 18}}], "payments": {"amount": 1374, "credit_card_number": "4870 4916 1346 2480"}}
{"order": {"id": "22000000001", "type": "accepted", "parent_order_id": "10000000002", "created_on": "2020-12-22 10:03:20.085489"}}
{"order": {"id": "42000000001", "type": "shipped", "parent_order_id": "10000000002", "created_on": "2020-12-23 10:03:20.085489"}}
{"order": {"id": "62000000001", "type": "delivered", "parent_order_id": "10000000002", "created_on": "2020-12-23 10:03:20.085489"}}
{"order": {"id": "22000000002", "type": "accepted", "parent_order_id": "10000000002", "created_on": "2020-12-22 09:59:20.085489"}}
{"order": {"id": "42000000002", "type": "shipped", "parent_order_id": "10000000002", "created_on": "2020-12-24 09:59:20.085489"}}
{"order": {"id": "62000000002", "type": "delivered", "parent_order_id": "10000000002", "created_on": "2020-12-24 09:59:20.085489"}}
{"order": {"id": "10000000003", "type": "created", "created_on": "2020-05-13 13:44:51.373435", "parent_order_id": null}, "customer": {"type": "Guest", "email": "puma1987@live.com", "phone": "863.265.0613"}, "user_client": {"type": "Web", "session_id": "2E38R86T94C6JX38P8N", "ip_address": "164.24.68.130", "mac_address": "00:16:3e:0f:20:70", "user_agent": "Mozilla/4.0 (compatible; MSIE 6.0; Windows NT 5.1; en) Opera 8.54"}, "shipment": {"carrier": "USPS", "charges": 10, "mailing_street": "800 Sparrow Brae", "city_id": "CITY52244"}, "order_items": [{"id": 1, "sku_id": "SKU3847", "pricing": {"listprice": 356, "saleprice": 324, "actualprice": 324}, "quantity": 2, "promotion": {}, "tax": {"percent": 7, "amount": 23}}], "payments": {"amount": 681, "credit_card_number": "5392 0911 5512 0011"}}
{"order": {"id": "23000000001", "type": "accepted", "parent_order_id": "10000000003", "created_on": "2020-05-13 13:50:51.373435"}}
{"order": {"id": "10000000003", "type": "created", "created_on": "2020-05-13 13:44:51.373435", "parent_order_id": null}, "customer": {"type": "Guest", "email": "puma1987@live.com", "phone": "863.265.0613"}, "user_client": {"type": "Web", "session_id": "2E38R86T94C6JX38P8N", "ip_address": "164.24.68.130", "mac_address": "00:16:3e:0f:20:70", "user_agent": "Mozilla/4.0 (compatible; MSIE 6.0; Windows NT 5.1; en) Opera 8.54"}, "shipment": {"carrier": "USPS", "charges": 10, "mailing_street": "800 Sparrow Brae", "city_id": "CITY52244"}, "order_items": [{"id": 1, "sku_id": "SKU3847", "pricing": {"listprice": 356, "saleprice": 324, "actualprice": 324}, "quantity": 2, "promotion": {}, "tax": {"percent": 7, "amount": 23}}], "payments": {"amount": 681, "credit_card_number": "5392 0911 5512 0011"}}
{"order": {"id": "10000000004", "type": "created", "created_on": "2020-05-04 13:57:08.837521", "parent_order_id": null}, "customer": {"type": "Guest", "email": "syzygetic1915@yandex.com", "phone": "532-975-3459"}, "user_client": {"type": "App", "session_id": "9U23B58D73J2ZW68T3Z", "ip_address": "170.219.176.61", "mac_address": "00:16:3e:7c:7a:f5", "user_agent": "iOS"}, "shipment": {"carrier": "Fedex", "charges": 8, "mailing_street": "644 Christopher Extension", "city_id": "CITY688"}, "order_items": [{"id": 1, "sku_id": "SKU4228", "pricing": {"listprice": 362, "saleprice": 311, "actualprice": 295}, "quantity": 2, "promotion": {"percent": 5, "type": "5% OFF", "amount": 16}, "tax": {"percent": 7, "amount": 21}}], "payments": {"amount": 635, "credit_card_number": "2632 2154 7499 1367"}}
{"order": {"id": "24000000001", "type": "accepted", "parent_order_id": "10000000004", "created_on": "2020-05-04 14:06:08.837521"}}
{"order": {"id": "44000000001", "type": "shipped", "parent_order_id": "10000000004", "created_on": "2020-05-07 14:06:08.837521"}}
{"order": {"id": "64000000001", "type": "delivered", "parent_order_id": "10000000004", "created_on": "2020-05-07 14:06:08.837521"}}
{"order": {"id": "10000000005", "type": "created", "created_on": "2020-06-29 07:54:17.774871", "parent_order_id": null}, "customer": {"type": "Member", "customer_index": 488}, "user_client": {"type": "App", "session_id": "7C97D29S68N0PG90V0A", "ip_address": "95.22.38.24", "mac_address": "00:16:3e:19:ba:65", "user_agent": "Android"}, "shipment": {"carrier": "DHL eCommerce", "charges": 9, "mailing_street": "755 Hastings Park", "city_id": "CITY12402"}, "order_items": [{"id": 1, "sku_id": "SKU2108", "pricing": {"listprice": 330, "saleprice": 284, "actualprice": 256}, "quantity": 3, "promotion": {"percent": 10, "type": "10% OFF", "amount": 28}, "tax": {"percent": 7, "amount": 18}}], "payments": {"amount": 851, "credit_card_number": "4609 6118 6000 3541"}}
{"order": {"id": "25000000001", "type": "accepted", "parent_order_id": "10000000005", "created_on": "2020-06-29 08:02:17.774871"}}
{"order": {"id": "45000000001", "type": "shipped", "parent_order_id": "10000000005", "created_on": "2020-07-01 08:02:17.774871"}}
{"order": {"id": "65000000001", "type": "delivered", "parent_order_id": "10000000005", "created_on": "2020-07-01 08:02:17.774871"}}
{"order": {"id": "10000000006", "type": "created", "created_on": "2020-01-23 20:04:08.860127", "parent_order_id": null}, "customer": {"type": "Guest", "email": "apium1818@protonmail.com", "phone": "132.898.3748"}, "user_client": {"type": "App", "session_id": "7E97N89Q10J5ZR78V9T", "ip_address": "43.19.245.254", "mac_address": "00:16:3e:58:cc:2e", "user_agent": "Android"}, "shipment": {"carrier": "DHL eCommerce", "charges": 6, "mailing_street": "1369 East Pike", "city_id": "CITY25176"}, "order_items": [{"id": 1, "sku_id": "SKU781", "pricing": {"listprice": 310, "saleprice": 282, "actualprice": 240}, "quantity": 3, "promotion": {"percent": 15, "type": "15% OFF", "amount": 42}, "tax": {"percent": 7, "amount": 17}}], "payments": {"amount": 827, "credit_card_number": "4050 7271 3463 2693"}}
{"order": {"id": "26000000001", "type": "accepted", "parent_order_id": "10000000006", "created_on": "2020-01-23 20:12:08.860127"}}
{"order": {"id": "46000000001", "type": "shipped", "parent_order_id": "10000000006", "created_on": "2020-01-24 20:12:08.860127"}}
{"order": {"id": "66000000001", "type": "delivered", "parent_order_id": "10000000006", "created_on": "2020-01-24 20:12:08.860127"}}
{"order": {"id": "10000000007", "type": "created", "created_on": "2019-01-16 13:33:38.462349", "parent_order_id": null}, "customer": {"type": "Member", "customer_index": 635}, "user_client": {"type": "Web", "session_id": "7A07V52W95R9HY88M8E", "ip_address": "142.118.200.168", "mac_address": "00:16:3e:69:0c:62", "user_agent": "Mozilla/4.0 (compatible; MSIE 6.0; Windows NT 5.1; en) Opera 8.52"}, "shipment": {"carrier": "USPS", "charges": 9, "mailing_street": "1170 Forest Heights", "city_id": "CITY20147"}, "order_items": [{"id": 1, "sku_id": "SKU2758", "pricing": {"listprice": 340, "saleprice": 292, "actualprice": 257}, "quantity": 1, "promotion": {"percent": 12, "type": "$35 OFF", "amount": 35}, "tax": {"percent": 7, "amount": 18}}], "payments": {"amount": 284, "credit_card_number": "3404 314996 88378"}}
{"order": {"id": "27000000001", "type": "accepted", "parent_order_id": "10000000007", "created_on": "2019-01-16 13:34:38.462349"}}
{"order": {"id": "47000000001", "type": "shipped", "parent_order_id": "10000000007", "created_on": "2019-01-18 13:34:38.462349"}}
{"order": {"id": "77000000001", "type": "delivered", "parent_order_id": "10000000007", "created_on": "2019-01-18 13:34:38.462349"}}
{"order": {"id": "10000000008", "type": "created", "created_on": "2019-07-13 03:11:07.526549", "parent_order_id": null}, "customer": {"type": "Member", "customer_index": 482}, "user_client": {"type": "Web", "session_id": "3E96F92R38A2RO70K9T", "ip_address": "73.223.55.172", "mac_address": "00:16:3e:07:a3:66", "user_agent": "Mozilla/4.0 (compatible; MSIE 6.0; Windows NT 5.0; en) Opera 8.02"}, "shipment": {"carrier": "DHL eCommerce", "charges": 9, "mailing_street": "54 Larch Route", "city_id": "CITY24953"}, "order_items": [{"id": 1, "sku_id": "SKU2384", "pricing": {"listprice": 334, "saleprice": 287, "actualprice": 273}, "quantity": 2, "promotion": {"percent": 5, "type": "5% OFF", "amount": 14}, "tax": {"percent": 7, "amount": 19}}, {"id": 2, "sku_id": "SKU2083", "pricing": {"listprice": 330, "saleprice": 300, "actualprice": 300}, "quantity": 1, "promotion": {}, "tax": {"percent": 7, "amount": 21}}], "payments": {"amount": 909, "credit_card_number": "5568 4083 6042 7726"}}
{"order": {"id": "28000000001", "type": "accepted", "parent_order_id": "10000000008", "created_on": "2019-07-13 03:19:07.526549"}}
{"order": {"id": "48000000001", "type": "shipped", "parent_order_id": "10000000008", "created_on": "2019-07-16 03:19:07.526549"}}
{"order": {"id": "78000000001", "type": "delivered", "parent_order_id": "10000000008", "created_on": "2019-07-16 03:19:07.526549"}}
{"order": {"id": "28000000002", "type": "accepted", "parent_order_id": "10000000008", "created_on": "2019-07-13 03:15:07.526549"}}
{"order": {"id": "48000000002", "type": "shipped", "parent_order_id": "10000000008", "created_on": "2019-07-16 03:15:07.526549"}}
{"order": {"id": "78000000002", "type": "delivered", "parent_order_id": "10000000008", "created_on": "2019-07-16 03:15:07.526549"}}
{"order": {"id": "10000000009", "type": "created", "created_on": "2020-05-01 15:08:05.869660", "parent_order_id": null}, "customer": {"type": "Member", "customer_index": 305}, "user_client": {"type": "App", "session_id": "4I89Y77F28T3WL96H3K", "ip_address": "24.241.105.142", "mac_address": "00:16:3e:6c:5d:a4", "user_agent": "Android"}, "shipment": {"carrier": "DHL eCommerce", "charges": 10, "mailing_street": "512 Missouri Mall", "city_id": "CITY39360"}, "order_items": [{"id": 1, "sku_id": "SKU970", "pricing": {"listprice": 313, "saleprice": 269, "actualprice": 269}, "quantity": 1, "promotion": {}, "tax": {"percent": 7, "amount": 19}}, {"id": 2, "sku_id": "SKU4436", "pricing": {"listprice": 365, "saleprice": 314, "actualprice": 283}, "quantity": 2, "promotion": {"percent": 10, "type": "10% OFF", "amount": 31}, "tax": {"percent": 7, "amount": 20}}], "payments": {"amount": 915, "credit_card_number": "4503 8078 1840 8868"}}
{"order": {"id": "29000000001", "type": "accepted", "parent_order_id": "10000000009", "created_on": "2020-05-01 15:18:05.869660"}}
{"order": {"id": "49000000001", "type": "shipped", "parent_order_id": "10000000009", "created_on": "2020-05-02 15:18:05.869660"}}
{"order": {"id": "69000000001", "type": "delivered", "parent_order_id": "10000000009", "created_on": "2020-05-02 15:18:05.869660"}}
{"order": {"id": "89000000001", "type": "returned", "parent_order_id": "10000000009", "created_on": "2020-05-31 15:18:05.869660"}, "order_items": [{"id": 1, "sku_id": "SKU970", "pricing": {"listprice": 313, "saleprice": 269, "actualprice": 269}, "quantity": -1, "promotion": {}, "tax": {"percent": 7, "amount": 19}}], "payments": {"amount": -288, "credit_card_number": "4503 8078 1840 8868"}}
{"order": {"id": "29000000002", "type": "accepted", "parent_order_id": "10000000009", "created_on": "2020-05-01 15:09:05.869660"}}
{"order": {"id": "10000000009", "type": "created", "created_on": "2020-05-01 15:08:05.869660", "parent_order_id": null}, "customer": {"type": "Member", "customer_index": 305}, "user_client": {"type": "App", "session_id": "4I89Y77F28T3WL96H3K", "ip_address": "24.241.105.142", "mac_address": "00:16:3e:6c:5d:a4", "user_agent": "Android"}, "shipment": {"carrier": "DHL eCommerce", "charges": 10, "mailing_street": "512 Missouri Mall", "city_id": "CITY39360"}, "order_items": [{"id": 1, "sku_id": "SKU970", "pricing": {"listprice": 313, "saleprice": 269, "actualprice": 269}, "quantity": -1, "promotion": {}, "tax": {"percent": 7, "amount": 19}}, {"id": 2, "sku_id": "SKU4436", "pricing": {"listprice": 365, "saleprice": 314, "actualprice": 283}, "quantity": 2, "promotion": {"percent": 10, "type": "10% OFF", "amount": 31}, "tax": {"percent": 7, "amount": 20}}], "payments": {"amount": 915, "credit_card_number": "4503 8078 1840 8868"}}
{"order": {"id": "10000000010", "type": "created", "created_on": "2019-11-15 10:23:53.300596", "parent_order_id": null}, "customer": {"type": "Guest", "email": "sebasic2067@outlook.com", "phone": "1-662-942-0011"}, "user_client": {"type": "App", "session_id": "1R91Q68D74V6AQ57M7A", "ip_address": "133.250.78.64", "mac_address": "00:16:3e:2d:01:ff", "user_agent": "Android"}, "shipment": {"carrier": "DHL eCommerce", "charges": 8, "mailing_street": "1140 Cardenas Point", "city_id": "CITY2333"}, "order_items": [{"id": 1, "sku_id": "SKU4037", "pricing": {"listprice": 359, "saleprice": 326, "actualprice": 271}, "quantity": 2, "promotion": {"percent": 8, "type": "$55 OFF", "amount": 55}, "tax": {"percent": 7, "amount": 19}}], "payments": {"amount": 624, "credit_card_number": "4226 2319 0295 9700"}}
{"order": {"id": "210000000001", "type": "accepted", "parent_order_id": "10000000010", "created_on": "2019-11-15 10:25:53.300596"}}
{"order": {"id": "410000000001", "type": "shipped", "parent_order_id": "10000000010", "created_on": "2019-11-16 10:25:53.300596"}}
{"order": {"id": "610000000001", "type": "delivered", "parent_order_id": "10000000010", "created_on": "2019-11-16 10:25:53.300596"}}
{"order": {"id": "810000000001", "type": "returned", "parent_order_id": "10000000010", "created_on": "2019-12-11 10:25:53.300596"}, "order_items": [{"id": 1, "sku_id": "SKU4037", "pricing": {"listprice": 359, "saleprice": 326, "actualprice": 271}, "quantity": -1, "promotion": {"percent": 8, "type": "$55 OFF", "amount": 55}, "tax": {"percent": 7, "amount": 19}}], "payments": {"amount": -290, "credit_card_number": "4226 2319 0295 9700"}}
{"order": {"id": "10000000011", "type": "created", "created_on": "2019-12-03 10:55:31.008985", "parent_order_id": null}, "customer": {"type": "Guest", "email": "unfavourably1962@outlook.com", "phone": "+1-(440)-124-6882"}, "user_client": {"type": "App", "session_id": "2T44C89F17B0OA44S1B", "ip_address": "33.247.250.140", "mac_address": "00:16:3e:3a:08:c4", "user_agent": "iOS"}, "shipment": {"carrier": "USPS", "charges": 6, "mailing_street": "147 Ulloa Glen", "city_id": "CITY47766"}, "order_items": [{"id": 1, "sku_id": "SKU1759", "pricing": {"listprice": 325, "saleprice": 296, "actualprice": 261}, "quantity": 2, "promotion": {"percent": 5, "type": "$35 OFF", "amount": 35}, "tax": {"percent": 7, "amount": 18}}], "payments": {"amount": 581, "credit_card_number": "3771 845580 60304"}}
{"order": {"id": "31100000001", "type": "rejected", "parent_order_id": "10000000011", "created_on": "2019-12-03 11:00:31.008985"}}
{"order": {"id": "10000000012", "type": "created", "created_on": "2020-02-09 06:01:09.706831", "parent_order_id": null}, "customer": {"type": "Member", "customer_index": 137}, "user_client": {"type": "App", "session_id": "3H50Y18I12E5SQ33X5U", "ip_address": "89.70.45.18", "mac_address": "00:16:3e:66:8a:d8", "user_agent": "iOS"}, "shipment": {"carrier": "Fedex", "charges": 6, "mailing_street": "33 Fourth Viaduct", "city_id": "CITY5375"}, "order_items": [{"id": 1, "sku_id": "SKU2521", "pricing": {"listprice": 336, "saleprice": 306, "actualprice": 261}, "quantity": 3, "promotion": {"percent": 5, "type": "$35 OFF", "amount": 45}, "tax": {"percent": 7, "amount": 18}}], "payments": {"amount": 897, "credit_card_number": "4175 5671 1136 6950"}}
{"order": {"id": "21200000001", "type": "accepted", "parent_order_id": "10000000012", "created_on": "2020-02-09 06:09:09.706831"}}
{"order": {"id": "41200000001", "type": "shipped", "parent_order_id": "10000000012", "created_on": "2020-02-10 06:09:09.706831"}}
{"order": {"id": "71200000001", "type": "delivered", "parent_order_id": "10000000012", "created_on": "2020-02-10 06:09:09.706831"}}
{"order": {"id": "10000000013", "type": "created", "created_on": "2019-09-20 09:27:49.574151", "parent_order_id": null}, "customer": {"type": "Guest", "email": "verbiages1860@gmail.com", "phone": "+1-(267)-103-9550"}, "user_client": {"type": "App", "session_id": "8L33A66H52Y1MA93Z1F", "ip_address": "59.173.211.55", "mac_address": "00:16:3e:3f:fb:dc", "user_agent": "iOS"}, "shipment": {"carrier": "UPS", "charges": 9, "mailing_street": "912 Chaves Turnpike", "city_id": "CITY52628"}, "order_items": [{"id": 1, "sku_id": "SKU3126", "pricing": {"listprice": 345, "saleprice": 297, "actualprice": 267}, "quantity": 3, "promotion": {"percent": 10, "type": "10% OFF", "amount": 30}, "tax": {"percent": 7, "amount": 19}}], "payments": {"amount": 889, "credit_card_number": "4768 1438 8113 1751"}}
{"order": {"id": "21300000001", "type": "accepted", "parent_order_id": "10000000013", "created_on": "2019-09-20 09:32:49.574151"}}
{"order": {"id": "41300000001", "type": "shipped", "parent_order_id": "10000000013", "created_on": "2019-09-21 09:32:49.574151"}}
{"order": {"id": "61300000001", "type": "delivered", "parent_order_id": "10000000013", "created_on": "2019-09-21 09:32:49.574151"}}
{"order": {"id": "10000000014", "type": "created", "created_on": "2019-01-02 03:51:44.632846", "parent_order_id": null}, "customer": {"type": "Member", "customer_index": 432}, "user_client": {"type": "App", "session_id": "0U54I18F63Y5ZR29A5L", "ip_address": "55.199.54.246", "mac_address": "00:16:3e:1f:eb:10", "user_agent": "iOS"}, "shipment": {"carrier": "USPS", "charges": 5, "mailing_street": "458 Lincoln Ferry", "city_id": "CITY35393"}, "order_items": [{"id": 1, "sku_id": "SKU4099", "pricing": {"listprice": 360, "saleprice": 327, "actualprice": 327}, "quantity": 1, "promotion": {}, "tax": {"percent": 7, "amount": 23}}, {"id": 2, "sku_id": "SKU2178", "pricing": {"listprice": 331, "saleprice": 285, "actualprice": 240}, "quantity": 3, "promotion": {"percent": 5, "type": "$35 OFF", "amount": 45}, "tax": {"percent": 7, "amount": 17}}], "payments": {"amount": 1182, "credit_card_number": "3488 044999 92960"}}
{"order": {"id": "21400000001", "type": "accepted", "parent_order_id": "10000000014", "created_on": "2019-01-02 03:56:44.632846"}}
{"order": {"id": "41400000001", "type": "shipped", "parent_order_id": "10000000014", "created_on": "2019-01-05 03:56:44.632846"}}
{"order": {"id": "71400000001", "type": "delivered", "parent_order_id": "10000000014", "created_on": "2019-01-05 03:56:44.632846"}}
{"order": {"id": "21400000002", "type": "accepted", "parent_order_id": "10000000014", "created_on": "2019-01-02 03:53:44.632846"}}
{"order": {"id": "41400000002", "type": "shipped", "parent_order_id": "10000000014", "created_on": "2019-01-05 03:53:44.632846"}}
{"order": {"id": "61400000002", "type": "delivered", "parent_order_id": "10000000014", "created_on": "2019-01-05 03:53:44.632846"}}
{"order": {"id": "81400000002", "type": "returned", "parent_order_id": "10000000014", "created_on": "2019-01-21 03:53:44.632846"}, "order_items": [{"id": 2, "sku_id": "SKU2178", "pricing": {"listprice": 331, "saleprice": 285, "actualprice": 240}, "quantity": -2, "promotion": {"percent": 5, "type": "$35 OFF", "amount": 45}, "tax": {"percent": 7, "amount": 17}}], "payments": {"amount": -514, "credit_card_number": "3488 044999 92960"}}
{"order": {"id": "10000000015", "type": "created", "created_on": "2020-09-01 23:57:34.674194", "parent_order_id": null}, "customer": {"type": "Member", "customer_index": 849}, "user_client": {"type": "App", "session_id": "5R02G42S18E4LQ28G7I", "ip_address": "123.80.65.84", "mac_address": "00:16:3e:0c:4d:a2", "user_agent": "iOS"}, "shipment": {"carrier": "DHL eCommerce", "charges": 7, "mailing_street": "1007 Red Rock Promenade", "city_id": "CITY27939"}, "order_items": [{"id": 1, "sku_id": "SKU4885", "pricing": {"listprice": 371, "saleprice": 338, "actualprice": 313}, "quantity": 1, "promotion": {"percent": 7, "type": "$25 OFF", "amount": 25}, "tax": {"percent": 7, "amount": 22}}], "payments": {"amount": 342, "credit_card_number": "3795 418400 79111"}}
{"order": {"id": "21500000001", "type": "accepted", "parent_order_id": "10000000015", "created_on": "2020-09-02 00:03:34.674194"}}
{"order": {"id": "41500000001", "type": "shipped", "parent_order_id": "10000000015", "created_on": "2020-09-03 00:03:34.674194"}}
{"order": {"id": "61500000001", "type": "delivered", "parent_order_id": "10000000015", "created_on": "2020-09-03 00:03:34.674194"}}
{"order": {"id": "10000000016", "type": "created", "created_on": "2020-08-08 11:39:28.827545", "parent_order_id": null}, "customer": {"type": "Member", "customer_index": 583}, "user_client": {"type": "App", "session_id": "3S02W60S47X5XB93Y1T", "ip_address": "78.56.155.4", "mac_address": "00:16:3e:4e:8a:22", "user_agent": "Android"}, "shipment": {"carrier": "DHL eCommerce", "charges": 10, "mailing_street": "185 Gates Pike", "city_id": "CITY35197"}, "order_items": [{"id": 1, "sku_id": "SKU3698", "pricing": {"listprice": 354, "saleprice": 304, "actualprice": 204}, "quantity": 3, "promotion": {"percent": 33, "type": "Buy 2 Get 1 FREE", "amount": 100}, "tax": {"percent": 7, "amount": 14}}, {"id": 2, "sku_id": "SKU666", "pricing": {"listprice": 308, "saleprice": 265, "actualprice": 265}, "quantity": 3, "promotion": {}, "tax": {"percent": 7, "amount": 19}}], "payments": {"amount": 1650, "credit_card_number": "3480 532263 85763"}}
{"order": {"id": "21600000001", "type": "accepted", "parent_order_id": "10000000016", "created_on": "2020-08-08 11:40:28.827545"}}
{"order": {"id": "41600000001", "type": "shipped", "parent_order_id": "10000000016", "created_on": "2020-08-09 11:40:28.827545"}}
{"order": {"id": "61600000001", "type": "delivered", "parent_order_id": "10000000016", "created_on": "2020-08-09 11:40:28.827545"}}
{"order": {"id": "21600000002", "type": "accepted", "parent_order_id": "10000000016", "created_on": "2020-08-08 11:44:28.827545"}}
{"order": {"id": "10000000016", "type": "created", "created_on": "2020-08-08 11:39:28.827545", "parent_order_id": null}, "customer": {"type": "Member", "customer_index": 583}, "user_client": {"type": "App", "session_id": "3S02W60S47X5XB93Y1T", "ip_address": "78.56.155.4", "mac_address": "00:16:3e:4e:8a:22", "user_agent": "Android"}, "shipment": {"carrier": "DHL eCommerce", "charges": 10, "mailing_street": "185 Gates Pike", "city_id": "CITY35197"}, "order_items": [{"id": 1, "sku_id": "SKU3698", "pricing": {"listprice": 354, "saleprice": 304, "actualprice": 204}, "quantity": 3, "promotion": {"percent": 33, "type": "Buy 2 Get 1 FREE", "amount": 100}, "tax": {"percent": 7, "amount": 14}}, {"id": 2, "sku_id": "SKU666", "pricing": {"listprice": 308, "saleprice": 265, "actualprice": 265}, "quantity": 3, "promotion": {}, "tax": {"percent": 7, "amount": 19}}], "payments": {"amount": 1650, "credit_card_number": "3480 532263 85763"}}
{"order": {"id": "10000000017", "type": "created", "created_on": "2020-02-12 00:50:20.982898", "parent_order_id": null}, "customer": {"type": "Guest", "email": "antivenom1806@live.com", "phone": "(046) 545-2564"}, "user_client": {"type": "Web", "session_id": "7U67P26Q68K5HS80M0C", "ip_address": "235.51.97.245", "mac_address": "00:16:3e:12:5f:7f", "user_agent": "Mozilla/4.0 (compatible; MSIE 6.0; Windows NT 5.0; de) Opera 8.02"}, "shipment": {"carrier": "DHL eCommerce", "charges": 6, "mailing_street": "25 Erkson Crescent", "city_id": "CITY30228"}, "order_items": [{"id": 1, "sku_id": "SKU764", "pricing": {"listprice": 310, "saleprice": 267, "actualprice": 222}, "quantity": 3, "promotion": {"percent": 6, "type": "$35 OFF", "amount": 45}, "tax": {"percent": 7, "amount": 16}}, {"id": 2, "sku_id": "SKU2692", "pricing": {"listprice": 339, "saleprice": 291, "actualprice": 247}, "quantity": 1, "promotion": {"percent": 15, "type": "15% OFF", "amount": 44}, "tax": {"percent": 7, "amount": 17}}], "payments": {"amount": 1042, "credit_card_number": "2691 4997 0237 4467"}}
{"order": {"id": "21700000001", "type": "accepted", "parent_order_id": "10000000017", "created_on": "2020-02-12 00:54:20.982898"}}
{"order": {"id": "41700000001", "type": "shipped", "parent_order_id": "10000000017", "created_on": "2020-02-14 00:54:20.982898"}}
{"order": {"id": "71700000001", "type": "delivered", "parent_order_id": "10000000017", "created_on": "2020-02-14 00:54:20.982898"}}
{"order": {"id": "21700000002", "type": "accepted", "parent_order_id": "10000000017", "created_on": "2020-02-12 00:59:20.982898"}}
{"order": {"id": "41700000002", "type": "shipped", "parent_order_id": "10000000017", "created_on": "2020-02-14 00:59:20.982898"}}
{"order": {"id": "61700000002", "type": "delivered", "parent_order_id": "10000000017", "created_on": "2020-02-14 00:59:20.982898"}}
{"order": {"id": "10000000018", "type": "created", "created_on": "2019-04-28 08:29:48.567771", "parent_order_id": null}, "customer": {"type": "Member", "customer_index": 662}, "user_client": {"type": "App", "session_id": "6L94S23T76M6OV76L3R", "ip_address": "41.104.79.209", "mac_address": "00:16:3e:0b:8d:43", "user_agent": "iOS"}, "shipment": {"carrier": "USPS", "charges": 5, "mailing_street": "1012 Eucalyptus Plantation", "city_id": "CITY31482"}, "order_items": [{"id": 1, "sku_id": "SKU916", "pricing": {"listprice": 312, "saleprice": 268, "actualprice": 268}, "quantity": 3, "promotion": {}, "tax": {"percent": 7, "amount": 19}}, {"id": 2, "sku_id": "SKU606", "pricing": {"listprice": 308, "saleprice": 264, "actualprice": 264}, "quantity": 3, "promotion": {}, "tax": {"percent": 7, "amount": 18}}], "payments": {"amount": 1638, "credit_card_number": "5478 2664 9622 7934"}}
{"order": {"id": "21800000001", "type": "accepted", "parent_order_id": "10000000018", "created_on": "2019-04-28 08:37:48.567771"}}
{"order": {"id": "10000000018", "type": "created", "created_on": "2019-04-28 08:29:48.567771", "parent_order_id": null}, "customer": {"type": "Member", "customer_index": 662}, "user_client": {"type": "App", "session_id": "6L94S23T76M6OV76L3R", "ip_address": "41.104.79.209", "mac_address": "00:16:3e:0b:8d:43", "user_agent": "iOS"}, "shipment": {"carrier": "USPS", "charges": 5, "mailing_street": "1012 Eucalyptus Plantation", "city_id": "CITY31482"}, "order_items": [{"id": 1, "sku_id": "SKU916", "pricing": {"listprice": 312, "saleprice": 268, "actualprice": 268}, "quantity": 3, "promotion": {}, "tax": {"percent": 7, "amount": 19}}, {"id": 2, "sku_id": "SKU606", "pricing": {"listprice": 308, "saleprice": 264, "actualprice": 264}, "quantity": 3, "promotion": {}, "tax": {"percent": 7, "amount": 18}}], "payments": {"amount": 1638, "credit_card_number": "5478 2664 9622 7934"}}
{"order": {"id": "21800000002", "type": "accepted", "parent_order_id": "10000000018", "created_on": "2019-04-28 08:37:48.567771"}}
{"order": {"id": "41800000002", "type": "shipped", "parent_order_id": "10000000018", "created_on": "2019-05-01 08:37:48.567771"}}
{"order": {"id": "61800000002", "type": "delivered", "parent_order_id": "10000000018", "created_on": "2019-05-01 08:37:48.567771"}}
{"order": {"id": "10000000019", "type": "created", "created_on": "2019-03-22 00:59:16.267914", "parent_order_id": null}, "customer": {"type": "Member", "customer_index": 796}, "user_client": {"type": "App", "session_id": "4Y03T98E98F0JO89S6Z", "ip_address": "170.128.160.8", "mac_address": "00:16:3e:38:ed:ac", "user_agent": "Android"}, "shipment": {"carrier": "UPS", "charges": 5, "mailing_street": "136 Fortuna Trail", "city_id": "CITY31128"}, "order_items": [{"id": 1, "sku_id": "SKU875", "pricing": {"listprice": 312, "saleprice": 284, "actualprice": 249}, "quantity": 1, "promotion": {"percent": 12, "type": "$35 OFF", "amount": 35}, "tax": {"percent": 7, "amount": 17}}], "payments": {"amount": 271, "credit_card_number": "4194 3096 6051 3709"}}
{"order": {"id": "21900000001", "type": "accepted", "parent_order_id": "10000000019", "created_on": "2019-03-22 01:07:16.267914"}}
{"order": {"id": "41900000001", "type": "shipped", "parent_order_id": "10000000019", "created_on": "2019-03-23 01:07:16.267914"}}
{"order": {"id": "61900000001", "type": "delivered", "parent_order_id": "10000000019", "created_on": "2019-03-23 01:07:16.267914"}}
{"order": {"id": "10000000020", "type": "created", "created_on": "2020-07-14 17:08:40.986983", "parent_order_id": null}, "customer": {"type": "Guest", "email": "bewitch1937@protonmail.com", "phone": "1-668-055-1219"}, "user_client": {"type": "Web", "session_id": "8F88O62Y07T2OK78Q0R", "ip_address": "39.217.5.157", "mac_address": "00:16:3e:49:4e:14", "user_agent": "Mozilla/4.0 (compatible; MSIE 6.0; Windows NT 5.1; en) Opera 8.0"}, "shipment": {"carrier": "USPS", "charges": 9, "mailing_street": "363 Gateview Bay", "city_id": "CITY22950"}, "order_items": [{"id": 1, "sku_id": "SKU4798", "pricing": {"listprice": 370, "saleprice": 318, "actualprice": 233}, "quantity": 3, "promotion": {"percent": 11, "type": "$75 OFF", "amount": 85}, "tax": {"percent": 7, "amount": 16}}, {"id": 2, "sku_id": "SKU2071", "pricing": {"listprice": 329, "saleprice": 300, "actualprice": 270}, "quantity": 1, "promotion": {"percent": 10, "type": "10% OFF", "amount": 30}, "tax": {"percent": 7, "amount": 19}}], "payments": {"amount": 1183, "credit_card_number": "2323 6428 3773 6680"}}
{"order": {"id": "22000000001", "type": "accepted", "parent_order_id": "10000000020", "created_on": "2020-07-14 17:13:40.986983"}}
{"order": {"id": "42000000001", "type": "shipped", "parent_order_id": "10000000020", "created_on": "2020-07-17 17:13:40.986983"}}
{"order": {"id": "62000000001", "type": "delivered", "parent_order_id": "10000000020", "created_on": "2020-07-17 17:13:40.986983"}}
{"order": {"id": "22000000002", "type": "accepted", "parent_order_id": "10000000020", "created_on": "2020-07-14 17:16:40.986983"}}
{"order": {"id": "42000000002", "type": "shipped", "parent_order_id": "10000000020", "created_on": "2020-07-16 17:16:40.986983"}}
{"order": {"id": "62000000002", "type": "delivered", "parent_order_id": "10000000020", "created_on": "2020-07-16 17:16:40.986983"}}
{"order": {"id": "10000000021", "type": "created", "created_on": "2020-12-11 13:23:30.374436", "parent_order_id": null}, "customer": {"type": "Member", "customer_index": 872}, "user_client": {"type": "App", "session_id": "1N20K98G14H1CJ64Y0Q", "ip_address": "95.57.33.134", "mac_address": "00:16:3e:54:79:52", "user_agent": "iOS"}, "shipment": {"carrier": "UPS", "charges": 5, "mailing_street": "164 Zoo Plantation", "city_id": "CITY18870"}, "order_items": [{"id": 1, "sku_id": "SKU417", "pricing": {"listprice": 305, "saleprice": 277, "actualprice": 277}, "quantity": 2, "promotion": {}, "tax": {"percent": 7, "amount": 19}}], "payments": {"amount": 578, "credit_card_number": "5565 0411 8683 2762"}}
{"order": {"id": "22100000001", "type": "accepted", "parent_order_id": "10000000021", "created_on": "2020-12-11 13:32:30.374436"}}
{"order": {"id": "42100000001", "type": "shipped", "parent_order_id": "10000000021", "created_on": "2020-12-14 13:32:30.374436"}}
{"order": {"id": "62100000001", "type": "delivered", "parent_order_id": "10000000021", "created_on": "2020-12-14 13:32:30.374436"}}
{"order": {"id": "10000000022", "type": "created", "created_on": "2020-05-01 20:03:53.460003", "parent_order_id": null}, "customer": {"type": "Guest", "email": "navaids1845@yandex.com", "phone": "(228) 823-1663"}, "user_client": {"type": "App", "session_id": "4N70A58E82E2KU98T4U", "ip_address": "0.75.166.6", "mac_address": "00:16:3e:0f:ed:02", "user_agent": "iOS"}, "shipment": {"carrier": "USPS", "charges": 8, "mailing_street": "853 Golden Close", "city_id": "CITY11167"}, "order_items": [{"id": 1, "sku_id": "SKU2798", "pricing": {"listprice": 340, "saleprice": 293, "actualprice": 293}, "quantity": 1, "promotion": {}, "tax": {"percent": 7, "amount": 21}}, {"id": 2, "sku_id": "SKU2224", "pricing": {"listprice": 332, "saleprice": 285, "actualprice": 242}, "quantity": 3, "promotion": {"percent": 15, "type": "15% OFF", "amount": 43}, "tax": {"percent": 7, "amount": 17}}], "payments": {"amount": 1151, "credit_card_number": "3465 977885 74521"}}
{"order": {"id": "22200000001", "type": "accepted", "parent_order_id": "10000000022", "created_on": "2020-05-01 20:13:53.460003"}}
